actor,movie_or_TV_name
Pierre Coffin,Despicable Me 4
Pierre Coffin,Minions & More Volume 2
Pierre Coffin,Minions & More 1
Pierre Coffin,Post Modern Minions
Pierre Coffin,Minions: The Rise of Gru
Pierre Coffin,Minions and Monsters
Pierre Coffin,Illumination Presents: Minions Holiday Special
Pierre Coffin,Minion Scouts
Pierre Coffin,Santa's Little Helpers
Pierre Coffin,Illumination Presents: 10 Minion Mini-Movies
Pierre Coffin,The Grinch Mini-Movies
Pierre Coffin,Yellow Is the New Black
Pierre Coffin,Minion Moments: Overkill
Pierre Coffin,Minion Moments: Drenched
Pierre Coffin,The Secret Life of Kyle
Pierre Coffin,Despicable Me 3
Pierre Coffin,Mower Minions
Pierre Coffin,Cro Minion
Pierre Coffin,Competition
Pierre Coffin,Minions
Pierre Coffin,Minions Jingle Bells
Pierre Coffin,Despicable Me 2: 3 Mini-Movie Collection
Pierre Coffin,Illumination 7 Mini-Movie Collection
Pierre Coffin,Minions: Training Wheels
Pierre Coffin,Minions: Puppy
Pierre Coffin,Panic in the Mailroom
Pierre Coffin,Despicable Me 2
Pierre Coffin,Despicable Me: Minion Mayhem
Pierre Coffin,Brad & Gary
Pierre Coffin,Despicable Me Presents: Minion Madness
Pierre Coffin,Minions: Home Makeover
Pierre Coffin,Minions: Orientation Day
Pierre Coffin,Banana
Pierre Coffin,Despicable Me
Debra Wilson,That's Our Time
Debra Wilson,Call Me Miss Cleo
Debra Wilson,Reindeer in Here
Debra Wilson,Mickey Saves Christmas
Debra Wilson,Mortal Kombat Legends: Snow Blind
Debra Wilson,Oddballs
Debra Wilson,Minions: The Rise of Gru
Debra Wilson,Lightyear
Debra Wilson,Hypochondriac
Debra Wilson,Hotel Transylvania: Transformania
Debra Wilson,Moon Manor
Debra Wilson,We Baby Bears
Debra Wilson,Sing 2
Debra Wilson,Dogs in Space
Debra Wilson,Star Trek: Prodigy
Debra Wilson,Untold: This Is My Story
Debra Wilson,The Desperate Hour
Debra Wilson,Mortal Kombat Legends: Battle of the Realms
Debra Wilson,Mickey Mouse Funhouse
Debra Wilson,The Loud House Movie
Debra Wilson,What If...?
Debra Wilson,After Masks
Debra Wilson,"Ben 10: Ben 10,010"
Debra Wilson,Baby Shark's Big Show!
Debra Wilson,Close Enough
Debra Wilson,Star Wars: The Rise of Skywalker
Debra Wilson,Mao Mao: Heroes of Pure Heart
Debra Wilson,"Love, Death & Robots"
Debra Wilson,Painkillers
Debra Wilson,Living Room Coffin
Debra Wilson,The Christmas Chronicles
Debra Wilson,Bodied
Debra Wilson,The Invisible Mother
Debra Wilson,The Nun
Debra Wilson,The Last Sharknado: It's About Time
Debra Wilson,Hotel Transylvania 3: Summer Vacation
Debra Wilson,Her Side of the Bed
Debra Wilson,Amelia 2.0
Debra Wilson,The Emoji Movie
Debra Wilson,All Hail King Julien: Exiled
Debra Wilson,Open Marriage
Debra Wilson,Man with a Plan
Debra Wilson,Dead 7
Debra Wilson,Caged No More
Debra Wilson,Life in Pieces
Debra Wilson,Hotel Transylvania 2
Debra Wilson,Pig Goat Banana Cricket
Debra Wilson,Alton & Kenya's Outrageous Wedding
Debra Wilson,Mothers of the Bride
Debra Wilson,All Hail King Julien
Debra Wilson,The Hobbit: The Battle of the Five Armies
Debra Wilson,Z Nation
Debra Wilson,The 10 Year Plan
Debra Wilson,Untold
Debra Wilson,Fatal Acquittal
Debra Wilson,Knock 'em Dead
Debra Wilson,Midlife
Debra Wilson,Black Dynamite
Debra Wilson,Regular Show
Debra Wilson,Perfect Combination
Debra Wilson,The Haunted World of El Superbeasto
Debra Wilson,RuPaul's Drag Race
Debra Wilson,90210
Debra Wilson,Terminator: The Sarah Connor Chronicles
Debra Wilson,The Chosen One
Debra Wilson,Super Sweet 16: The Movie
Debra Wilson,If I Had Known I Was a Genius
Debra Wilson,The Greg Behrendt Show
Debra Wilson,Over the Hedge
Debra Wilson,Scary Movie 4
Debra Wilson,The Adventures of Brer Rabbit
Debra Wilson,In Justice
Debra Wilson,Whitepaddy
Debra Wilson,The Reichen Show
Debra Wilson,Dancing with the Stars
Debra Wilson,American Dad!
Debra Wilson,Target
Debra Wilson,Nine Lives
Debra Wilson,I'm with Her
Debra Wilson,Trish Stratus: 100% Stratusfaction
Debra Wilson,Reno 911!
Debra Wilson,Skin Deep
Debra Wilson,That's So Raven
Debra Wilson,Rapsittie Street Kids: Believe in Santa
Debra Wilson,Clone High
Debra Wilson,Without a Trace
Debra Wilson,Pet Star
Debra Wilson,Jane White Is Sick & Twisted
Debra Wilson,Gary & Mike
Debra Wilson,CSI: Crime Scene Investigation
Debra Wilson,The Parkers
Debra Wilson,Family Guy
Debra Wilson,The Mr. Potato Head Show
Debra Wilson,Star Trek: The Experience -  Klingon Encounter
Debra Wilson,Asylum
Debra Wilson,B.A.P.S.
Debra Wilson,Sleeping Together
Debra Wilson,Girl 6
Debra Wilson,MADtv
Debra Wilson,WCW Monday Nitro
Debra Wilson,Star Trek: Deep Space Nine
Debra Wilson,Whose Line Is It Anyway?
Kyle Balda,Minions: The Rise of Gru
Kyle Balda,Illumination Presents: 10 Minion Mini-Movies
Kyle Balda,Despicable Me 3
Kyle Balda,Weenie
Kyle Balda,Competition
Kyle Balda,Minions
Kyle Balda,Wagon Ho!
Kyle Balda,Forces of Nature
Kyle Balda,Serenade
Kyle Balda,The Lorax
Kyle Balda,Minions: Orientation Day
Kyle Balda,Minions: Home Makeover
Kyle Balda,Banana
Kyle Balda,Bananarama - Video Collection 1982-2009
Raymond S. Persi,Zootopia+
Raymond S. Persi,Minions & More 1
Raymond S. Persi,Minions: The Rise of Gru
Raymond S. Persi,Extinct
Raymond S. Persi,Illumination Presents: Minions Holiday Special
Raymond S. Persi,Santa's Little Helpers
Raymond S. Persi,Ralph Breaks the Internet
Raymond S. Persi,Inner Workings
Raymond S. Persi,Zootopia
Raymond S. Persi,Get a Horse!
Raymond S. Persi,Frozen
Raymond S. Persi,Wreck-It Ralph
Colette Whitaker,Minions: The Rise of Gru
Colette Whitaker,Sing 2
Colette Whitaker,Star Trek: Short Treks
Colette Whitaker,Being Dolphin 4D
Colette Whitaker,Will & Grace
Colette Whitaker,Star Trek: Discovery
Colette Whitaker,Norman Television
Colette Whitaker,We Bare Bears
Colette Whitaker,Minions
Colette Whitaker,Monsters University
Colette Whitaker,Toy Story 3
Colette Whitaker,WALL·E
Colette Whitaker,Revisioned: Tomb Raider
Colette Whitaker,Cars
Colette Whitaker,Stroker and Hoop
Michael Beattie,Minions & More Volume 2
Michael Beattie,Minions: The Rise of Gru
Michael Beattie,The Secret Life of Pets 2
Michael Beattie,The Grinch
Michael Beattie,Despicable Me 3
Michael Beattie,The Secret Life of Pets
Michael Beattie,Binky Nelson Unpacified
Michael Beattie,Minions
Michael Beattie,The Lorax
Michael Beattie,Cats & Dogs: The Revenge of Kitty Galore
Michael Beattie,The Bet
Michael Beattie,Swept Away
Michael Beattie,Star
Michael Beattie,The Hire
Michael Beattie,As Told by Ginger
Michael Beattie,Best Man in Grass Creek
Michael Beattie,Conan the Adventurer
Michael Beattie,Countdown to Looking Glass
Kevin Michael Richardson,Frog and Toad
Kevin Michael Richardson,The Super Mario Bros. Movie
Kevin Michael Richardson,The Boss Baby: Christmas Bonus
Kevin Michael Richardson,Trick or Treat Scooby-Doo!
Kevin Michael Richardson,Welcome to the Club
Kevin Michael Richardson,Tom and Jerry Snowman's Land
Kevin Michael Richardson,LEGO Star Wars Summer Vacation
Kevin Michael Richardson,Bad Hamster
Kevin Michael Richardson,Naked Mole Rat Gets Dressed: The Underground Rock Experience
Kevin Michael Richardson,Minions: The Rise of Gru
Kevin Michael Richardson,Eureka!
Kevin Michael Richardson,Battle Kitty
Kevin Michael Richardson,The Boys Presents: Diabolical
Kevin Michael Richardson,For Gunter’s Eyes Only
Kevin Michael Richardson,The Proud Family: Louder and Prouder
Kevin Michael Richardson,Big Nate
Kevin Michael Richardson,We Baby Bears
Kevin Michael Richardson,Saturday Morning All Star Hits!
Kevin Michael Richardson,Masters of the Universe: Revelation
Kevin Michael Richardson,Marvel's M.O.D.O.K.
Kevin Michael Richardson,Invincible
Kevin Michael Richardson,Extinct
Kevin Michael Richardson,Animaniacs
Kevin Michael Richardson,Trolls: TrollsTopia
Kevin Michael Richardson,The Boss Baby: Get That Baby!
Kevin Michael Richardson,Star Trek: Lower Decks
Kevin Michael Richardson,Close Enough
Kevin Michael Richardson,We Bare Bears: The Movie
Kevin Michael Richardson,Adventure Time: Distant Lands
Kevin Michael Richardson,Looney Tunes Cartoons
Kevin Michael Richardson,Mortal Kombat Legends: Scorpion's Revenge
Kevin Michael Richardson,Trolls World Tour
Kevin Michael Richardson,Yabba-Dabba Dinosaurs
Kevin Michael Richardson,The Owl House
Kevin Michael Richardson,Fast & Furious Spy Racers
Kevin Michael Richardson,Green Eggs and Ham
Kevin Michael Richardson,The Spooky Tale of Captain Underpants Hack-a-ween
Kevin Michael Richardson,Teen Titans Go! vs. Teen Titans
Kevin Michael Richardson,Human Discoveries
Kevin Michael Richardson,Amphibia
Kevin Michael Richardson,Monsters Abroad Pilot
Kevin Michael Richardson,Victor and Valentino
Kevin Michael Richardson,Justice League vs. the Fatal Five
Kevin Michael Richardson,"Love, Death & Robots"
Kevin Michael Richardson,Dorothy's Christmas in Oz
Kevin Michael Richardson,Constantine: City of Demons - The Movie
Kevin Michael Richardson,Summer Camp Island
Kevin Michael Richardson,The Adventures of Rocky and Bullwinkle
Kevin Michael Richardson,LEGO DC Super Hero Girls: Super-Villain High
Kevin Michael Richardson,The Boss Baby: Back in Business
Kevin Michael Richardson,Woody Woodpecker
Kevin Michael Richardson,Apple & Onion
Kevin Michael Richardson,Lego DC Comics Super Heroes: The Flash
Kevin Michael Richardson,Scooby-Doo! & Batman: The Brave and the Bold
Kevin Michael Richardson,LEGO Marvel Super Heroes: Guardians of the Galaxy - The Thanos Threat
Kevin Michael Richardson,Trolls Holiday
Kevin Michael Richardson,Batman and Harley Quinn
Kevin Michael Richardson,Niko and the Sword of Light
Kevin Michael Richardson,LEGO® Scooby-Doo! Blowout Beach Bash
Kevin Michael Richardson,Puss in Book: Trapped in an Epic Tale
Kevin Michael Richardson,All Hail King Julien: Exiled
Kevin Michael Richardson,Vixen: The Movie
Kevin Michael Richardson,Tales of the Teenage Mutant Ninja Turtles: Super Shredder
Kevin Michael Richardson,Marvel's Rocket & Groot
Kevin Michael Richardson,Tangled: Before Ever After
Kevin Michael Richardson,The Jetsons & WWE: Robo-WrestleMania!
Kevin Michael Richardson,Duck the Halls: A Mickey Mouse Christmas Special
Kevin Michael Richardson,LEGO Star Wars: The Freemaker Adventures
Kevin Michael Richardson,Dawn of the Croods
Kevin Michael Richardson,Marvel Super Hero Adventures: Frost Fight!
Kevin Michael Richardson,The Mr. Peabody & Sherman Show
Kevin Michael Richardson,Marvel's Guardians of the Galaxy
Kevin Michael Richardson,LEGO DC Comics Super Heroes: Justice League - Attack of the Legion of Doom!
Kevin Michael Richardson,We Bare Bears
Kevin Michael Richardson,Uncle Grandpa's Incredible Journey
Kevin Michael Richardson,The Flintstones & WWE: Stone Age SmackDown!
Kevin Michael Richardson,Scooby-Doo! Moon Monster Madness
Kevin Michael Richardson,LEGO DC Comics Super Heroes: Justice League vs. Bizarro League
Kevin Michael Richardson,Teenage Mutant Ninja Turtles: Renegade Rampage
Kevin Michael Richardson,The SpongeBob Movie: Sponge Out of Water
Kevin Michael Richardson,Tyler Perry's Madea's Tough Love
Kevin Michael Richardson,All Hail King Julien
Kevin Michael Richardson,Elf: Buddy's Musical Christmas
Kevin Michael Richardson,Penn Zero: Part-Time Hero
Kevin Michael Richardson,How Murray Saved Christmas
Kevin Michael Richardson,The Penguins of Madagascar: Operation Special Delivery
Kevin Michael Richardson,Lego DC Comics - Super Heroes: Batman Be-Leaguered
Kevin Michael Richardson,Blaze and the Monster Machines
Kevin Michael Richardson,Monsters vs Aliens: Creature Features
Kevin Michael Richardson,Scooby-Doo! Frankencreepy
Kevin Michael Richardson,Phineas and Ferb: Star Wars
Kevin Michael Richardson,"DC Nation - Green Arrow - ""Cupid"""
Kevin Michael Richardson,The 7D
Kevin Michael Richardson,"DC Nation - Green Arrow - ""Brick"""
Kevin Michael Richardson,"DC Nation - Green Arrow - ""Onomatopoeiabot"""
Kevin Michael Richardson,Tinker Bell and the Pirate Fairy
Kevin Michael Richardson,JLA Adventures: Trapped in Time
Kevin Michael Richardson,I Know That Voice
Kevin Michael Richardson,Sheriff Callie's Wild West
Kevin Michael Richardson,Rick and Morty
Kevin Michael Richardson,Monsters Vs Aliens: Cloning Around
Kevin Michael Richardson,Transformers: Prime Beast Hunters: Predacons Rising
Kevin Michael Richardson,Scooby-Doo and the Snow Creatures
Kevin Michael Richardson,Teenage Mutant Ninja Turtles: Enter Shredder
Kevin Michael Richardson,Uncle Grandpa
Kevin Michael Richardson,Scooby-Doo! Stage Fright
Kevin Michael Richardson,Justice League: The Flashpoint Paradox
Kevin Michael Richardson,The Riddler: Riddle Me This
Kevin Michael Richardson,Mickey Mouse
Kevin Michael Richardson,Marvel's Avengers
Kevin Michael Richardson,Star Trek Into Darkness
Kevin Michael Richardson,Teen Titans Go!
Kevin Michael Richardson,Scooby-Doo! Mask of the Blue Falcon
Kevin Michael Richardson,John Dies at the End
Kevin Michael Richardson,Teenage Mutant Ninja Turtles
Kevin Michael Richardson,Scooby-Doo! and the Safari Creatures
Kevin Michael Richardson,Ben 10: Omniverse
Kevin Michael Richardson,Gravity Falls
Kevin Michael Richardson,The High Fructose Adventures of Annoying Orange
Kevin Michael Richardson,Marvel's Ultimate Spider-Man
Kevin Michael Richardson,Scooby-Doo! and the Sea Monsters
Kevin Michael Richardson,Green Lantern: The Animated Series
Kevin Michael Richardson,DC Showcase: Catwoman
Kevin Michael Richardson,Scooby-Doo! Legend of the Phantosaur
Kevin Michael Richardson,Phineas and Ferb: The Movie: Across the 2nd Dimension
Kevin Michael Richardson,ThunderCats
Kevin Michael Richardson,All Star Superman
Kevin Michael Richardson,Transformers: Prime
Kevin Michael Richardson,Young Justice
Kevin Michael Richardson,G.I. Joe: Renegades
Kevin Michael Richardson,Firebreather
Kevin Michael Richardson,Superman/Shazam!: The Return of Black Adam
Kevin Michael Richardson,DC Showcase Original Shorts Collection
Kevin Michael Richardson,The Avengers: Earth's Mightiest Heroes
Kevin Michael Richardson,Legend of the BoneKnapper Dragon
Kevin Michael Richardson,Pound Puppies
Kevin Michael Richardson,Regular Show
Kevin Michael Richardson,The Penguins of Madagascar: New to the Zoo
Kevin Michael Richardson,Batman: Under the Red Hood
Kevin Michael Richardson,Scooby-Doo! Mystery Incorporated
Kevin Michael Richardson,Ben 10: Ultimate Alien
Kevin Michael Richardson,Adventure Time
Kevin Michael Richardson,The Penguins of Madagascar: Operation DVD Premiere
Kevin Michael Richardson,The Penguins of Madagascar - Operation: Get Ducky
Kevin Michael Richardson,Dante's Inferno: An Animated Epic
Kevin Michael Richardson,Planet Hulk
Kevin Michael Richardson,Black Panther
Kevin Michael Richardson,Black Panther
Kevin Michael Richardson,"Family Guy Presents: Something, Something, Something, Dark Side"
Kevin Michael Richardson,The Princess and the Frog
Kevin Michael Richardson,The Cleveland Show
Kevin Michael Richardson,The Haunted World of El Superbeasto
Kevin Michael Richardson,Transformers: Revenge of the Fallen
Kevin Michael Richardson,The Fairly OddParents: Wishology
Kevin Michael Richardson,Scooby-Doo! and the Samurai Sword
Kevin Michael Richardson,The Penguins of Madagascar
Kevin Michael Richardson,La Mission
Kevin Michael Richardson,Random! Cartoons
Kevin Michael Richardson,The Powerpuff Girls Rule!!!
Kevin Michael Richardson,Batman: The Brave and the Bold
Kevin Michael Richardson,Dead Space: Downfall
Kevin Michael Richardson,Kid vs. Kat
Kevin Michael Richardson,Star Wars: The Clone Wars
Kevin Michael Richardson,Open Season 2
Kevin Michael Richardson,The Little Mermaid: Ariel's Beginning
Kevin Michael Richardson,Star Wars: The Clone Wars
Kevin Michael Richardson,The Cleaner
Kevin Michael Richardson,Batman: Gotham Knight
Kevin Michael Richardson,The Marvelous Misadventures of Flapjack
Kevin Michael Richardson,Ben 10: Alien Force
Kevin Michael Richardson,The Spectacular Spider-Man
Kevin Michael Richardson,Transformers: Animated
Kevin Michael Richardson,Halo 3 Essentials
Kevin Michael Richardson,Doctor Strange
Kevin Michael Richardson,TMNT
Kevin Michael Richardson,Happily N'Ever After
Kevin Michael Richardson,The Knights of Prosperity
Kevin Michael Richardson,Monster Allergy
Kevin Michael Richardson,Class of 3000
Kevin Michael Richardson,Casper's Scare School
Kevin Michael Richardson,Tom and Jerry: Shiver Me Whiskers
Kevin Michael Richardson,Clerks II
Kevin Michael Richardson,Queer Duck: The Movie
Kevin Michael Richardson,Leroy & Stitch
Kevin Michael Richardson,Jimmy Timmy Power Hour 2: When Nerds Collide
Kevin Michael Richardson,The Wild
Kevin Michael Richardson,Ben 10
Kevin Michael Richardson,The Happy Elf
Kevin Michael Richardson,The Boondocks
Kevin Michael Richardson,The Batman vs. Dracula
Kevin Michael Richardson,How I Met Your Mother
Kevin Michael Richardson,Loonatics Unleashed
Kevin Michael Richardson,Stewie Griffin: The Untold Story
Kevin Michael Richardson,The Buzz on Maggie
Kevin Michael Richardson,Catscratch
Kevin Michael Richardson,Kim Possible: So the Drama
Kevin Michael Richardson,Avatar: The Last Airbender
Kevin Michael Richardson,American Dad!
Kevin Michael Richardson,Lil' Pimp
Kevin Michael Richardson,"What's New, Scooby-Doo? Vol. 1: Space Ape at the Cape"
Kevin Michael Richardson,Super Robot Monkey Team Hyperforce Go!
Kevin Michael Richardson,Higglytown Heroes
Kevin Michael Richardson,The Batman
Kevin Michael Richardson,Foster's Home for Imaginary Friends
Kevin Michael Richardson,Phil of the Future
Kevin Michael Richardson,Danny Phantom
Kevin Michael Richardson,Dave the Barbarian
Kevin Michael Richardson,Teacher's Pet
Kevin Michael Richardson,The Fairly OddParents: Channel Chasers
Kevin Michael Richardson,Star Wars: Clone Wars
Kevin Michael Richardson,The Matrix Revolutions
Kevin Michael Richardson,Xiaolin Showdown
Kevin Michael Richardson,Batman: Mystery of the Batwoman
Kevin Michael Richardson,Lilo & Stitch: The Series
Kevin Michael Richardson,Like Family
Kevin Michael Richardson,Stitch! The Movie
Kevin Michael Richardson,Duck Dodgers
Kevin Michael Richardson,George of the Jungle 2
Kevin Michael Richardson,Teen Titans
Kevin Michael Richardson,The Fairly OddParents! Abra Catastrophe
Kevin Michael Richardson,World Record
Kevin Michael Richardson,Kid's Story
Kevin Michael Richardson,The Animatrix
Kevin Michael Richardson,The Wacky Adventures of Ronald McDonald: The Monster O' McDonaldland Loch
Kevin Michael Richardson,Final Flight of the Osiris
Kevin Michael Richardson,Scooby-Doo! and the Legend of the Vampire
Kevin Michael Richardson,The Wild Thornberrys Movie
Kevin Michael Richardson,Codename: Kids Next Door
Kevin Michael Richardson,"Scooby-Doo Safari, So Goodi!"
Kevin Michael Richardson,Ozzy & Drix
Kevin Michael Richardson,"What's New, Scooby-Doo?"
Kevin Michael Richardson,Mickey's House of Villains
Kevin Michael Richardson,Maktar
Kevin Michael Richardson,The Country Bears
Kevin Michael Richardson,The Adventures of Jimmy Neutron: Boy Genius
Kevin Michael Richardson,Whatever Happened to... Robot Jones?
Kevin Michael Richardson,The Powerpuff Girls Movie
Kevin Michael Richardson,Lilo & Stitch
Kevin Michael Richardson,Kim Possible
Kevin Michael Richardson,Greg the Bunny
Kevin Michael Richardson,Justice League
Kevin Michael Richardson,Justice League: Secret Origins
Kevin Michael Richardson,The Flintstones: On the Rocks
Kevin Michael Richardson,The Ripping Friends
Kevin Michael Richardson,The Proud Family
Kevin Michael Richardson,The Legend of Tarzan
Kevin Michael Richardson,Samurai Jack
Kevin Michael Richardson,Samurai Jack: The Premiere Movie
Kevin Michael Richardson,A Rugrats Kwanzaa
Kevin Michael Richardson,The Fairly OddParents
Kevin Michael Richardson,Lloyd in Space
Kevin Michael Richardson,The Zeta Project
Kevin Michael Richardson,Recess: School's Out
Kevin Michael Richardson,Gary & Mike
Kevin Michael Richardson,"Harvey Birdman, Attorney at Law"
Kevin Michael Richardson,Rugrats in Paris: The Movie
Kevin Michael Richardson,Scooby-Doo and the Alien Invaders
Kevin Michael Richardson,Whispers: An Elephant's Tale
Kevin Michael Richardson,Static Shock
Kevin Michael Richardson,Buzz Lightyear of Star Command: The Adventure Begins
Kevin Michael Richardson,Lobo
Kevin Michael Richardson,Clerks
Kevin Michael Richardson,Tom Sawyer
Kevin Michael Richardson,The Weekenders
Kevin Michael Richardson,Malcolm in the Middle
Kevin Michael Richardson,Navy Bear
Kevin Michael Richardson,Alvin and the Chipmunks Meet Frankenstein
Kevin Michael Richardson,Odd Man Out
Kevin Michael Richardson,The Big Guy and Rusty the Boy Robot
Kevin Michael Richardson,Batman Beyond: Tech Wars / Disappearing Inque
Kevin Michael Richardson,The Wacky Adventures of Ronald McDonald: The Visitors from Outer Space
Kevin Michael Richardson,Family Guy
Kevin Michael Richardson,The Wacky Adventures of Ronald McDonald: The Legend of Grimace Island
Kevin Michael Richardson,Batman Beyond
Kevin Michael Richardson,The PJs
Kevin Michael Richardson,The Secret of NIMH 2: Timmy to the Rescue
Kevin Michael Richardson,The Wacky Adventures of Ronald McDonald: Scared Silly
Kevin Michael Richardson,Voltron: The Third Dimension
Kevin Michael Richardson,The Wild Thornberrys
Kevin Michael Richardson,Hercules
Kevin Michael Richardson,BASEketball
Kevin Michael Richardson,The Wonderful World of Disney
Kevin Michael Richardson,Teen Angel
Kevin Michael Richardson,Cow and Chicken
Kevin Michael Richardson,The New Batman Adventures
Kevin Michael Richardson,Arthur
Kevin Michael Richardson,Mortal Kombat: Defenders of the Realm
Kevin Michael Richardson,Bound
Kevin Michael Richardson,Road Rovers
Kevin Michael Richardson,Superman: The Animated Series
Kevin Michael Richardson,Adventures from the Book of Virtues
Kevin Michael Richardson,Homeboys in Outer Space
Kevin Michael Richardson,The Real Adventures of Jonny Quest
Kevin Michael Richardson,Siegfried and Roy: Masters of the Impossible
Kevin Michael Richardson,A Boy Called Hate
Kevin Michael Richardson,Dexter's Laboratory
Kevin Michael Richardson,All Dogs Go to Heaven 2
Kevin Michael Richardson,Pinky and the Brain
Kevin Michael Richardson,Mortal Kombat
Kevin Michael Richardson,The Mask: Animated Series
Kevin Michael Richardson,Stuart Saves His Family
Kevin Michael Richardson,Skeleton Warriors
Kevin Michael Richardson,ER
Kevin Michael Richardson,Past Tense
Kevin Michael Richardson,Weird Science
Kevin Michael Richardson,Fatal Instinct
Kevin Michael Richardson,The John Larroquette Show
Kevin Michael Richardson,Mad About You
Kevin Michael Richardson,Something to Live for: The Alison Gertz Story
Kevin Michael Richardson,Herman's Head
Kevin Michael Richardson,Dream On
Kevin Michael Richardson,The Simpsons
Kevin Michael Richardson,Voltron: Defender of the Universe
Kevin Michael Richardson,Lanigan's Rabbi
Kevin Michael Richardson,The Bionic Woman
Kevin Michael Richardson,Kolchak: The Night Stalker
Kevin Michael Richardson,Kojak
Kevin Michael Richardson,The Waltons
Kevin Michael Richardson,Emergency!
Kevin Michael Richardson,McCloud
Kevin Michael Richardson,Ironside
Jimmy O. Yang,Interior Chinatown
Jimmy O. Yang,The Silk Road Rally
Jimmy O. Yang,The Monkey King
Jimmy O. Yang,80 for Brady
Jimmy O. Yang,Me Time
Jimmy O. Yang,Easter Sunday
Jimmy O. Yang,Mike Judge's Beavis and Butt-Head
Jimmy O. Yang,Minions: The Rise of Gru
Jimmy O. Yang,Beavis and Butt-Head Do the Universe
Jimmy O. Yang,Love Hard
Jimmy O. Yang,Wish Dragon
Jimmy O. Yang,The Opening Act
Jimmy O. Yang,We Bare Bears: The Movie
Jimmy O. Yang,Space Force
Jimmy O. Yang,Jimmy O. Yang: Good Deal
Jimmy O. Yang,Fantasy Island
Jimmy O. Yang,Like a Boss
Jimmy O. Yang,The Lego Movie 2: The Second Part
Jimmy O. Yang,The Happytime Murders
Jimmy O. Yang,"Juliet, Naked"
Jimmy O. Yang,Crazy Rich Asians
Jimmy O. Yang,Life of the Party
Jimmy O. Yang,El Camino Christmas
Jimmy O. Yang,Patriots Day
Jimmy O. Yang,Party Legends
Jimmy O. Yang,Another Period
Jimmy O. Yang,East of Main Street: Taking the Lead
Jimmy O. Yang,Battle Creek
Jimmy O. Yang,Fresh Off the Boat
Jimmy O. Yang,Silicon Valley
Jimmy O. Yang,Marvel's Agents of S.H.I.E.L.D.
Jimmy O. Yang,The Internship
Jimmy O. Yang,New Girl
Jimmy O. Yang,It's Always Sunny in Philadelphia
Jimmy O. Yang,American Dad!
Jimmy O. Yang,The Simpsons
Steve Coogan,The Reckoning
Steve Coogan,The Adventures of Drunky
Steve Coogan,Despicable Me 4
Steve Coogan,Alan Partridge - Stratagem
Steve Coogan,The Lost King
Steve Coogan,Minions: The Rise of Gru
Steve Coogan,Chivalry
Steve Coogan,Stephen
Steve Coogan,The Trip to Greece
Steve Coogan,Peter Sellers: A State of Comic Ecstasy
Steve Coogan,Greed
Steve Coogan,Newscast
Steve Coogan,The Lateish Show with Mo Gilligan
Steve Coogan,The Professor and the Madman
Steve Coogan,This Time with Alan Partridge
Steve Coogan,Stan & Ollie
Steve Coogan,Holmes & Watson
Steve Coogan,Ideal Home
Steve Coogan,Hot Air
Steve Coogan,Irreplaceable You
Steve Coogan,"Alan Partridge: Why, When, Where, How And Whom?"
Steve Coogan,The Trip to Spain
Steve Coogan,Despicable Me 3
Steve Coogan,Shepherds and Butchers
Steve Coogan,The Dinner
Steve Coogan,Dying Laughing
Steve Coogan,Rules Don't Apply
Steve Coogan,Mindhorn
Steve Coogan,British Sitcom: 60 Years of Laughing at Ourselves
Steve Coogan,John Bishop: In Conversation With...
Steve Coogan,The Secret Life of Pets
Steve Coogan,Alan Partridge's Scissored Isle
Steve Coogan,Minions
Steve Coogan,HAPPYish
Steve Coogan,Misery Loves Comedy
Steve Coogan,Night at the Museum: Secret of the Tomb
Steve Coogan,The Lost Honour of Christopher Jefferies
Steve Coogan,Northern Soul
Steve Coogan,The Kate Bush Story: Running Up That Hill
Steve Coogan,One Rogue Reporter
Steve Coogan,The Trip to Italy
Steve Coogan,Late Night with Seth Meyers
Steve Coogan,The Tonight Show Starring Jimmy Fallon
Steve Coogan,Off Camera with Sam Jones
Steve Coogan,Philomena
Steve Coogan,Steve Coogan : Stand Up Down Under
Steve Coogan,Alan Partridge: Alpha Papa
Steve Coogan,Despicable Me 2
Steve Coogan,What Maisie Knew
Steve Coogan,The Look of Love
Steve Coogan,Uncle Wormsley's Christmas
Steve Coogan,Moone Boy
Steve Coogan,Ruby Sparks
Steve Coogan,Alan Partridge on Open Books with Martin Bryce
Steve Coogan,Alan Partridge: Welcome to the Places of My Life
Steve Coogan,Evidently... John Cooper Clarke
Steve Coogan,Mid Morning Matters with Alan Partridge
Steve Coogan,Darkwood Manor
Steve Coogan,Our Idiot Brother
Steve Coogan,The Trip
Steve Coogan,Conan
Steve Coogan,The Trip
Steve Coogan,The Other Guys
Steve Coogan,Work of Art: The Next Great Artist
Steve Coogan,Neighbors from Hell
Steve Coogan,Marmaduke
Steve Coogan,Percy Jackson & the Olympians: The Lightning Thief
Steve Coogan,Marvin
Steve Coogan,Steve Coogan: The Inside Story
Steve Coogan,Steve Coogan - Live As Alan Partridge And Other Less Successful Characters
Steve Coogan,Live from Studio Five
Steve Coogan,What Goes Up
Steve Coogan,Night at the Museum: Battle of the Smithsonian
Steve Coogan,In the Loop
Steve Coogan,Sunshine
Steve Coogan,Tropic Thunder: Rain of Madness
Steve Coogan,Tropic Thunder
Steve Coogan,Finding Amanda
Steve Coogan,Tales of the Riverbank
Steve Coogan,Hamlet 2
Steve Coogan,The Making of Marie Antoinette
Steve Coogan,For the Love of God
Steve Coogan,The Graham Norton Show
Steve Coogan,Hot Fuzz
Steve Coogan,Night at the Museum
Steve Coogan,Saxondale
Steve Coogan,Marie Antoinette
Steve Coogan,1 Leicester Square
Steve Coogan,The Alibi
Steve Coogan,Alan Partridge Presents: The Cream of British Comedy
Steve Coogan,A Cock and Bull Story
Steve Coogan,Monkey Trousers
Steve Coogan,Happy Endings
Steve Coogan,Around the World in 80 Days
Steve Coogan,I Am Not an Animal
Steve Coogan,Ella Enchanted
Steve Coogan,The Private Life of Samuel Pepys
Steve Coogan,Little Britain
Steve Coogan,Coffee and Cigarettes
Steve Coogan,Coogan's Runner
Steve Coogan,Anglian Lives: Alan Partridge
Steve Coogan,Real Time with Bill Maher
Steve Coogan,Jimmy Kimmel Live!
Steve Coogan,Cruise of the Gods
Steve Coogan,Robbie the Reindeer: Legend of the Lost Tribe
Steve Coogan,Top Gear
Steve Coogan,24 Hour Party People
Steve Coogan,Combat Sheep
Steve Coogan,Dr. Terrible's House of Horrible
Steve Coogan,The Parole Officer
Steve Coogan,A Small Summer Party
Steve Coogan,Curb Your Enthusiasm
Steve Coogan,Robbie the Reindeer: Hooves of Fire
Steve Coogan,Rude For A Reason: Live from Brixton Academy
Steve Coogan,Steve Coogan: The Man Who Thinks He's It
Steve Coogan,Mrs Merton and Malcolm
Steve Coogan,Alice Through the Looking Glass
Steve Coogan,Bob and Margaret
Steve Coogan,The Revengers' Comedies
Steve Coogan,I'm Alan Partridge
Steve Coogan,Introducing Tony Ferrino: Who and Why? A Quest
Steve Coogan,The Fix
Steve Coogan,The Tony Ferrino Phenomenon
Steve Coogan,The Wind in the Willows
Steve Coogan,Coogan's Run
Steve Coogan,The Frank Skinner Show
Steve Coogan,The Indian in the Cupboard
Steve Coogan,Paul and Pauline Calf's Cheese and Ham Sandwich
Steve Coogan,Pauline Calf's Wedding Video
Steve Coogan,Knowing Me Knowing You with Alan Partridge
Steve Coogan,Jo Brand Through the Cakehole
Steve Coogan,The Day Today
Steve Coogan,Steve Coogan: Live 'n' Lewd
Steve Coogan,Paul Calf's Video Diary
Steve Coogan,The Smell of Reeves and Mortimer
Steve Coogan,Harry
Steve Coogan,Late Night with Conan O'Brien
Steve Coogan,The Dead Good Show
Steve Coogan,Terry Wogan's Friday Night
Steve Coogan,Amnesty International's Big 30
Steve Coogan,The Simpsons
Steve Coogan,Tales from the Crypt
Steve Coogan,Resurrected
Steve Coogan,Spitting Image
Steve Coogan,Question Time
Will Arnett,Twisted Metal
Will Arnett,Next Goal Wins
Will Arnett,Who Killed Santa? A Murderville Murder Mystery
Will Arnett,G'day
Will Arnett,Island of the Sea Wolves
Will Arnett,Cursed Friends
Will Arnett,Minions: The Rise of Gru
Will Arnett,Chip 'n Dale: Rescue Rangers
Will Arnett,Our Flag Means Death
Will Arnett,Murderville
Will Arnett,Rumble
Will Arnett,Live in Front of a Studio Audience: The Facts of Life and Diff'rent Strokes
Will Arnett,Muppets Haunted Mansion
Will Arnett,All or Nothing: Toronto Maple Leafs
Will Arnett,The Choe Show
Will Arnett,Joker: Put on a Happy Face
Will Arnett,The First Team
Will Arnett,"Stronger Together, Tous Ensemble"
Will Arnett,"Best Wishes, Warmest Regards: A Schitt's Creek Farewell"
Will Arnett,Memory Hole
Will Arnett,LEGO Masters
Will Arnett,The Morning Show
Will Arnett,The Lego Movie 2: The Second Part
Will Arnett,The Masked Singer
Will Arnett,Emmet's Holiday Party: A LEGO Movie Short
Will Arnett,Teen Titans Go! To the Movies
Will Arnett,Show Dogs
Will Arnett,The Nut Job 2: Nutty by Nature
Will Arnett,The Guest Book
Will Arnett,The Gong Show
Will Arnett,One Brick at a Time: Making the LEGO Batman Movie
Will Arnett,Riviera
Will Arnett,Batman Is Just Not That Into You
Will Arnett,Dark Hoser
Will Arnett,Cooking with Alfred
Will Arnett,Batmersive VR Experience
Will Arnett,Netflix Live
Will Arnett,The Lego Batman Movie
Will Arnett,A Series of Unfortunate Events
Will Arnett,Popstar: Never Stop Never Stopping
Will Arnett,Teenage Mutant Ninja Turtles: Out of the Shadows
Will Arnett,Chelsea
Will Arnett,Flaked
Will Arnett,Full Frontal with Samantha Bee
Will Arnett,Being Canadian
Will Arnett,The Late Show with Stephen Colbert
Will Arnett,Lip Sync Battle
Will Arnett,The Game Awards
Will Arnett,The Men In Blazers Show
Will Arnett,BoJack Horseman
Will Arnett,Teenage Mutant Ninja Turtles
Will Arnett,The Tonight Show Starring Jimmy Fallon
Will Arnett,The Lego Movie
Will Arnett,The Nut Job
Will Arnett,David Blaine: Real or Magic
Will Arnett,The Millers
Will Arnett,Mistaken for Strangers
Will Arnett,The Arrested Development Documentary Project
Will Arnett,Circus Halligalli
Will Arnett,Monsters vs Aliens Stories
Will Arnett,The Arnold Palmer
Will Arnett,Pretty Sweet
Will Arnett,Men in Black 3
Will Arnett,Mansome
Will Arnett,Up All Night
Will Arnett,Fight for Your Right Revisited
Will Arnett,Nuts & Robbers
Will Arnett,Conan
Will Arnett,The Increasingly Poor Decisions of Todd Margaret
Will Arnett,Running Wilde
Will Arnett,Despicable Me
Will Arnett,Jonah Hex
Will Arnett,When in Rome
Will Arnett,DreamWorks Spooky Stories
Will Arnett,B.O.B.'s Big Break
Will Arnett,Brief Interviews with Hideous Men
Will Arnett,G-Force
Will Arnett,Spring Breakdown
Will Arnett,Sit Down Shut Up
Will Arnett,Parks and Recreation
Will Arnett,Mutant Pumpkins from Outer Space
Will Arnett,Monsters vs Aliens
Will Arnett,Late Night with Jimmy Fallon
Will Arnett,The Rocker
Will Arnett,Horton Hears a Who!
Will Arnett,Semi-Pro
Will Arnett,The Comebacks
Will Arnett,Wristcutters: A Love Story
Will Arnett,The Brothers Solomon
Will Arnett,Hot Rod
Will Arnett,Ratatouille
Will Arnett,On Broadway
Will Arnett,Grindhouse
Will Arnett,Don't
Will Arnett,Blades of Glory
Will Arnett,Let's Go to Prison
Will Arnett,30 Rock
Will Arnett,Freak Show
Will Arnett,RV
Will Arnett,Ice Age: The Meltdown
Will Arnett,Monster-in-Law
Will Arnett,The Great New Wonderful
Will Arnett,The Office
Will Arnett,Arrested Development
Will Arnett,Series 7: The Contenders
Will Arnett,The Acting Class
Will Arnett,The Mike O'Malley Show
Will Arnett,Law & Order: Special Victims Unit
Will Arnett,The Waiting Game
Will Arnett,The Sopranos
Will Arnett,Will & Grace
Will Arnett,Southie
Will Arnett,Sex and the City
Will Arnett,The Broken Giant
Will Arnett,The View
Will Arnett,King of the Hill
Will Arnett,Ed's Next Move
Will Arnett,The Daily Show with Trevor Noah
Will Arnett,The Simpsons
Will Arnett,Sesame Street
RZA,Thriller
RZA,Roxanne Roxanne
RZA,The Man with the Iron Fists 2
RZA,The Man with the Iron Fists
RZA,Kill Bill: The Whole Bloody Affair
RZA,Afro Samurai
RZA,Blade: Trinity
RZA,Soul Plane
RZA,Kill Bill: Vol. 2
RZA,Kill Bill: Vol. 1
RZA,The Mindscape of Alan Moore
RZA,Ghost Dog: The Way of the Samurai
Julie Andrews,Julie Andrews – Live In Concert
Julie Andrews,Minions: The Rise of Gru
Julie Andrews,The King's Daughter
Julie Andrews,Cameron Mackintosh - The First 50 Years
Julie Andrews,Bridgerton
Julie Andrews,Disclosure
Julie Andrews,The Happy Days of Garry Marshall
Julie Andrews,Julie Andrews Forever
Julie Andrews,My Music: A Classic Christmas
Julie Andrews,Aquaman
Julie Andrews,Despicable Me 3
Julie Andrews,Julie's Greenroom
Julie Andrews,Mary Tyler Moore: A Celebration
Julie Andrews,The Untold Story of The Sound of Music: A Diane Sawyer Special
Julie Andrews,The Tonight Show Starring Jimmy Fallon
Julie Andrews,And the Oscar Goes To...
Julie Andrews,Despicable Me
Julie Andrews,Shrek Forever After
Julie Andrews,Tooth Fairy
Julie Andrews,Johnny Mercer: The Dream's on Me
Julie Andrews,Live from Studio Five
Julie Andrews,Waking Sleeping Beauty
Julie Andrews,The Boys: The Sherman Brothers' Story
Julie Andrews,Pip's Predicament: A Pop-Up Adventure
Julie Andrews,Enchanted
Julie Andrews,Shrek the Third
Julie Andrews,The Graham Norton Show
Julie Andrews,Rachael Ray
Julie Andrews,The Colbert Report
Julie Andrews,Broadway's Lost Treasures III: The Best of The Tony Awards
Julie Andrews,The Cat That Looked at a King
Julie Andrews,Supercalifragilisticexpialidocious: The Making of 'Mary Poppins'
Julie Andrews,Broadway: The American Musical
Julie Andrews,The Paul O'Grady Show
Julie Andrews,The Princess Diaries 2: Royal Engagement
Julie Andrews,On the Set: The Princess Diaries 2 – Royal Engagement
Julie Andrews,Shrek 2
Julie Andrews,Eloise at Christmastime
Julie Andrews,The Ellen DeGeneres Show
Julie Andrews,Broadway's Lost Treasures
Julie Andrews,Mike's Super Short Show
Julie Andrews,Great Broadway Musical Moments from the Ed Sullivan Show
Julie Andrews,Eloise at the Plaza
Julie Andrews,Christopher Plummer: A Man For All Stages
Julie Andrews,Unconditional Love
Julie Andrews,I Love Muppets
Julie Andrews,A New Princess
Julie Andrews,Walt Disney: One Man's Dream
Julie Andrews,The Princess Diaries
Julie Andrews,On Golden Pond
Julie Andrews,My Favorite Broadway: The Love Songs
Julie Andrews,Relative Values
Julie Andrews,'Torn Curtain' Rising
Julie Andrews,My Favorite Broadway: The Leading Ladies
Julie Andrews,One Special Night
Julie Andrews,The Early Show
Julie Andrews,"Hey, Mr. Producer! The Musical World of Cameron Mackintosh"
Julie Andrews,The Postman
Julie Andrews,The View
Julie Andrews,20th Century Fox: The First 50 Years
Julie Andrews,The Line King: The Al Hirschfeld Story
Julie Andrews,More Loverly Than Ever: The Making of 'My Fair Lady'
Julie Andrews,Victor/Victoria
Julie Andrews,"Julie Andrews: The Making of Broadway, The Music of Richard Rodgers"
Julie Andrews,Julie Andrews - Sound of Orchestra
Julie Andrews,Julie
Julie Andrews,A Fine Romance
Julie Andrews,Our Sons
Julie Andrews,Julie Andrews in Concert
Julie Andrews,Julie and Carol: Together Again
Julie Andrews,This Morning
Julie Andrews,LIVE with Kelly and Ryan
Julie Andrews,Julie Andrews: The Sound of Christmas
Julie Andrews,Duet for One
Julie Andrews,That's Life!
Julie Andrews,Disney's Greatest Lullabies Volume 2
Julie Andrews,The Muppets: A Celebration of 30 Years
Julie Andrews,Disneyland's 30th Anniversary Celebration
Julie Andrews,The Man Who Loved Women
Julie Andrews,Trail of the Pink Panther
Julie Andrews,Victor/Victoria
Julie Andrews,S.O.B.
Julie Andrews,Little Miss Marker
Julie Andrews,10
Julie Andrews,The Kennedy Center Honors
Julie Andrews,An Evening with Julie Andrews Live in Japan
Julie Andrews,The Pink Panther Strikes Again
Julie Andrews,Peter Pan
Julie Andrews,The Muppet Show
Julie Andrews,Julie: My Favourite Things
Julie Andrews,The Tamarind Seed
Julie Andrews,Julie and Dick at Covent Garden
Julie Andrews,Julie's Christmas Special
Julie Andrews,Julie on Sesame Street
Julie Andrews,The Julie Andrews Hour
Julie Andrews,Julie
Julie Andrews,Julie and Carol at Lincoln Center
Julie Andrews,Great Performances
Julie Andrews,Darling Lili
Julie Andrews,Star!
Julie Andrews,The Dick Cavett Show
Julie Andrews,Thoroughly Modern Millie
Julie Andrews,Hawaii
Julie Andrews,Torn Curtain
Julie Andrews,The Julie Andrews Show
Julie Andrews,The Sound of Music
Julie Andrews,Salzburg Sight and Sound
Julie Andrews,Mary Poppins
Julie Andrews,The Americanization of Emily
Julie Andrews,Julie and Carol at Carnegie Hall
Julie Andrews,The Broadway of Lerner and Loewe
Julie Andrews,The Fabulous Fifties
Julie Andrews,The Gentle Flame
Julie Andrews,DuPont Show of the Month
Julie Andrews,Cinderella
Julie Andrews,The Dinah Shore Chevy Show
Julie Andrews,Tony Awards
Julie Andrews,High Tor
Julie Andrews,The Oscars
Julie Andrews,What's My Line?
Julie Andrews,The Ed Sullivan Show
Michelle Yeoh,American Born Chinese
Michelle Yeoh,ARK: The Animated Series
Michelle Yeoh,Hong Kong Stories
Michelle Yeoh,Rich People Problems
Michelle Yeoh,The Legend of Nezha
Michelle Yeoh,Avatar 5
Michelle Yeoh,Avatar 4
Michelle Yeoh,Wicked: Part Two
Michelle Yeoh,Wicked
Michelle Yeoh,Avatar 3
Michelle Yeoh,The Tiger's Apprentice
Michelle Yeoh,A Haunting in Venice
Michelle Yeoh,Transformers: Rise of the Beasts
Michelle Yeoh,The Witcher: Blood Origin
Michelle Yeoh,Making The Witcher: Blood Origin
Michelle Yeoh,"Jean Todt, la méthode"
Michelle Yeoh,The School for Good and Evil
Michelle Yeoh,Paws of Fury: The Legend of Hank
Michelle Yeoh,Minions: The Rise of Gru
Michelle Yeoh,Everything Everywhere All at Once
Michelle Yeoh,Shang-Chi and the Legend of the Ten Rings
Michelle Yeoh,Gunpowder Milkshake
Michelle Yeoh,Marvel Studios Assembled
Michelle Yeoh,Boss Level
Michelle Yeoh,Nations United: Urgent Solutions for Urgent Times
Michelle Yeoh,The Hidden Kingdoms of China
Michelle Yeoh,Last Christmas
Michelle Yeoh,Iron Fists and Kung Fu Kicks
Michelle Yeoh,The Ready Room
Michelle Yeoh,Master Z: Ip Man Legacy
Michelle Yeoh,Star Trek: Short Treks
Michelle Yeoh,Crazy Rich Asians
Michelle Yeoh,My Legacy and I
Michelle Yeoh,Star Trek: Discovery
Michelle Yeoh,Guardians of the Galaxy Vol. 2
Michelle Yeoh,Morgan
Michelle Yeoh,Mechanic: Resurrection
Michelle Yeoh,Dragon Girls !
Michelle Yeoh,"Crouching Tiger, Hidden Dragon: Sword of Destiny"
Michelle Yeoh,Marco Polo: One Hundred Eyes
Michelle Yeoh,Chef Nic
Michelle Yeoh,Final Recipe
Michelle Yeoh,The Lady
Michelle Yeoh,Fucking Kassovitz
Michelle Yeoh,Kung Fu Panda 2
Michelle Yeoh,Reign of Assassins
Michelle Yeoh,Strike Back
Michelle Yeoh,"Rose, c'est Paris"
Michelle Yeoh,True Legend
Michelle Yeoh,Among the Great Apes with Michelle Yeoh
Michelle Yeoh,Babylon A.D.
Michelle Yeoh,The Mummy: Tomb of the Dragon Emperor
Michelle Yeoh,Far North
Michelle Yeoh,The Children of Huang Shi
Michelle Yeoh,Purple Mountain
Michelle Yeoh,Sunshine
Michelle Yeoh,The Graham Norton Show
Michelle Yeoh,Fearless
Michelle Yeoh,Memoirs of a Geisha
Michelle Yeoh,Silver Hawk
Michelle Yeoh,"Jackie Chan: Fast, Funny and Furious"
Michelle Yeoh,Best Ever Bond
Michelle Yeoh,Bond Girls Are Forever
Michelle Yeoh,The Touch
Michelle Yeoh,Ultimate Fights from the Movies
Michelle Yeoh,Grit & Polish: Heroines from Hong Kong
Michelle Yeoh,"Crouching Tiger, Hidden Dragon"
Michelle Yeoh,Moonlight Express
Michelle Yeoh,Vivement dimanche
Michelle Yeoh,Masters of the Martial Arts Presented by Wesley Snipes
Michelle Yeoh,Jackie Chan: My Story
Michelle Yeoh,Highly Classified: The World of 007
Michelle Yeoh,Tomorrow Never Dies
Michelle Yeoh,The Secrets of 007
Michelle Yeoh,The View
Michelle Yeoh,The Soong Sisters
Michelle Yeoh,The Stunt Woman
Michelle Yeoh,Top Fighter 2
Michelle Yeoh,Jackie Chan - From Stuntman to Superstar
Michelle Yeoh,The Daily Show with Trevor Noah
Michelle Yeoh,The Rosie O'Donnell Show
Michelle Yeoh,Shaolin Popey II: Messy Temple
Michelle Yeoh,Wonder Seven
Michelle Yeoh,Wing Chun
Michelle Yeoh,Tai-Chi Master
Michelle Yeoh,Supercop 2
Michelle Yeoh,Executioners
Michelle Yeoh,Holy Weapon
Michelle Yeoh,The Heroic Trio
Michelle Yeoh,Butterfly & Sword
Michelle Yeoh,Police Story 3: Super Cop
Michelle Yeoh,Easy Money
Michelle Yeoh,Magnificent Warriors
Michelle Yeoh,Royal Warriors
Michelle Yeoh,"Yes, Madam!"
Michelle Yeoh,"Twinkle, Twinkle, Lucky Stars"
Michelle Yeoh,The Owl vs Bombo
Michelle Yeoh,Today
Danny Trejo,Occupation Rainfall: Chapter 2
Danny Trejo,Pug
Danny Trejo,Smile or Hug
Danny Trejo,1521
Danny Trejo,Seven Cemeteries
Danny Trejo,Machete Kills Again... in Space
Danny Trejo,The Damned
Danny Trejo,It's a Wonderful Binge
Danny Trejo,Renegades
Danny Trejo,Fire-Man's Fetish
Danny Trejo,The Legend of Johnny Jones
Danny Trejo,Clerks III
Danny Trejo,Minions: The Rise of Gru
Danny Trejo,Caroltyn
Danny Trejo,Iron Chef: Quest for an Iron Legend
Danny Trejo,The Prey: Legend of Karnoctus
Danny Trejo,Good Mourning
Danny Trejo,Green Ghost and the Masters of the Stone
Danny Trejo,Escándalo Secreto En Plena Cuarentena
Danny Trejo,A Tale of Two Guns
Danny Trejo,The Legend of La Llorona
Danny Trejo,VampFather
Danny Trejo,The Book of Boba Fett
Danny Trejo,American Sicario
Danny Trejo,Pups Alone
Danny Trejo,Comedy Chingonas
Danny Trejo,Maya and the Three
Danny Trejo,Muppets Haunted Mansion
Danny Trejo,Death Rider in the House of Vampires
Danny Trejo,Shadow of the Cat
Danny Trejo,Masters of the Universe: Revelation
Danny Trejo,The Black Hole
Danny Trejo,The Rebels of PT-218
Danny Trejo,American Horror Stories
Danny Trejo,The House Next Door: Meet the Blacks 2
Danny Trejo,Donny's Bar Mitzvah
Danny Trejo,Paragon: The Shadow Wars
Danny Trejo,The Last Exorcist
Danny Trejo,Lumpia: With a Vengeance
Danny Trejo,American Pie Presents: Girls' Rules
Danny Trejo,Final Kill
Danny Trejo,Pistolera
Danny Trejo,HA Festival: The Art of Comedy
Danny Trejo,The SpongeBob Movie: Sponge on the Run
Danny Trejo,Muppets Now
Danny Trejo,Bullets of Justice
Danny Trejo,Cover Me
Danny Trejo,Fast & Furious Spy Racers
Danny Trejo,Cross: Rise of the Villains
Danny Trejo,Acceleration
Danny Trejo,Slayer: The Repentless Killogy
Danny Trejo,Black Licorice
Danny Trejo,Big Kill
Danny Trejo,Seis Manos
Danny Trejo,Madness in the Method
Danny Trejo,Bare Knuckle Brawler
Danny Trejo,Inmate #1: The Rise of Danny Trejo
Danny Trejo,To Hell and Back: The Making of 3 From Hell
Danny Trejo,3 from Hell
Danny Trejo,The Kelly Clarkson Show
Danny Trejo,Dora and the Lost City of Gold
Danny Trejo,The Margarita Man
Danny Trejo,Lights Out with David Spade
Danny Trejo,The Outsider
Danny Trejo,Wish Man
Danny Trejo,Every 9 Hours
Danny Trejo,The Short History of the Long Road
Danny Trejo,Victor and Valentino
Danny Trejo,What We Do in the Shadows
Danny Trejo,Slasher Party
Danny Trejo,Counterpunch
Danny Trejo,Grand-Daddy Day Care
Danny Trejo,The Conners
Danny Trejo,American Nightmares
Danny Trejo,Death Race: Beyond Anarchy
Danny Trejo,Silencer
Danny Trejo,Illegal Civilization 3
Danny Trejo,Frat Pack
Danny Trejo,Big City Greens
Danny Trejo,Bully
Danny Trejo,Fury of the Fist and the Golden Fleece
Danny Trejo,#Roxy
Danny Trejo,Gone Are the Days
Danny Trejo,Survivor's Guide to Prison
Danny Trejo,BorderCross
Danny Trejo,Avenge the Crows
Danny Trejo,Maximum Impact
Danny Trejo,McDick
Danny Trejo,Dead Again in Tombstone
Danny Trejo,Murder In The Woods
Danny Trejo,Not a War Story
Danny Trejo,Puss in Book: Trapped in an Epic Tale
Danny Trejo,All About the Money
Danny Trejo,American Gods
Danny Trejo,Juarez 2045
Danny Trejo,Cross Wars
Danny Trejo,Halloweed
Danny Trejo,Chronology
Danny Trejo,Storks
Danny Trejo,Good Fortune
Danny Trejo,Mostly Ghostly 3: One Night in Doom House
Danny Trejo,1st Strike
Danny Trejo,Vigilante Diaries
Danny Trejo,Range 15
Danny Trejo,Map of Hell
Danny Trejo,Bridesman
Danny Trejo,Cyborg X
Danny Trejo,Boost
Danny Trejo,Angie Tribeca
Danny Trejo,The Ridiculous 6
Danny Trejo,Smoke and Mirrors: The Story of Tom Savini
Danny Trejo,No Way Out
Danny Trejo,Sock 'Em Dead
Danny Trejo,Fluffy's Food Adventures
Danny Trejo,New Looney Tunes
Danny Trejo,4Got10
Danny Trejo,East LA Interchange
Danny Trejo,3-Headed Shark Attack
Danny Trejo,Pig Goat Banana Cricket
Danny Trejo,The Weight of Blood and Bones
Danny Trejo,L.A. Slasher
Danny Trejo,The Night Crew
Danny Trejo,Alcatraz Prison Escape: Deathbed Confession
Danny Trejo,Bad Asses on the Bayou
Danny Trejo,VANish
Danny Trejo,The Burning Dead
Danny Trejo,Teenage Mutant Ninja Turtles: Renegade Rampage
Danny Trejo,Hope Lost
Danny Trejo,The Adventures of Puss in Boots
Danny Trejo,A Horse Story
Danny Trejo,Throwdown
Danny Trejo,Beyond the Game
Danny Trejo,Vieques
Danny Trejo,Strike One
Danny Trejo,Misfit Garage
Danny Trejo,The Flash
Danny Trejo,Reaper
Danny Trejo,The Book of Life
Danny Trejo,Preggoland
Danny Trejo,Running Wild with Bear Grylls
Danny Trejo,Scooby-Doo! Ghastly Goals
Danny Trejo,Bad Ass 2: Bad Asses
Danny Trejo,In the Blood
Danny Trejo,Muppets Most Wanted
Danny Trejo,Habla Men
Danny Trejo,20 Ft Below: The Darkness Descending
Danny Trejo,Reach Me
Danny Trejo,Bullet
Danny Trejo,Voodoo Possession
Danny Trejo,Force of Execution
Danny Trejo,The Insomniac
Danny Trejo,Rick and Morty
Danny Trejo,Courier from 'Paradise'
Danny Trejo,Dead in Tombstone
Danny Trejo,Brooklyn Nine-Nine
Danny Trejo,American Lowrider
Danny Trejo,Chavez Cage of Glory
Danny Trejo,Machete Kills
Danny Trejo,The Contractor
Danny Trejo,Pendejo (Idiot)
Danny Trejo,Phineas and Ferb: Mission Marvel
Danny Trejo,Zombie Hunter
Danny Trejo,Amelia's 25th
Danny Trejo,Mickey Mouse
Danny Trejo,Five Thirteen
Danny Trejo,Anthony Bourdain: Parts Unknown
Danny Trejo,Tattoo Nation
Danny Trejo,Circus Halligalli
Danny Trejo,Ticket to Vegas
Danny Trejo,Death Race: Inferno
Danny Trejo,Sushi Girl
Danny Trejo,The Cloth
Danny Trejo,Rise of the Zombies
Danny Trejo,Bro'
Danny Trejo,Haunted High
Danny Trejo,Bad Ass
Danny Trejo,Breaking Wind
Danny Trejo,In the Shadow
Danny Trejo,A Very Harold & Kumar Christmas
Danny Trejo,The Black Mamba
Danny Trejo,Violet & Daisy
Danny Trejo,Spy Kids: All the Time in the World
Danny Trejo,Poolboy: Drowning Out the Fury
Danny Trejo,House of the Rising Sun
Danny Trejo,Dark Games
Danny Trejo,Cross
Danny Trejo,Blacktino
Danny Trejo,Recoil
Danny Trejo,Young Justice
Danny Trejo,Death Race 2
Danny Trejo,Predators: The Chosen
Danny Trejo,Predators: Moments of Extraction
Danny Trejo,Epic Rap Battles of History
Danny Trejo,Modus Operandi
Danny Trejo,The Bill Collector
Danny Trejo,Machete
Danny Trejo,Beatdown
Danny Trejo,Predators
Danny Trejo,Gun
Danny Trejo,The Good Guys
Danny Trejo,Pastor Shepherd
Danny Trejo,The Killing Jar
Danny Trejo,Shadows in Paradise
Danny Trejo,Boston Girls
Danny Trejo,Shoot the Hero
Danny Trejo,The Lazarus Papers
Danny Trejo,Babysitters Beware
Danny Trejo,Modern Family
Danny Trejo,NCIS: Los Angeles
Danny Trejo,The Grind
Danny Trejo,The Haunted World of El Superbeasto
Danny Trejo,The Face Is Familiar
Danny Trejo,The Line
Danny Trejo,Eyeborgs
Danny Trejo,The Boys of Ghost Town
Danny Trejo,Official Rejection
Danny Trejo,Cowboy Dreams
Danny Trejo,Fanboys
Danny Trejo,Michael Lives: The Making of Halloween
Danny Trejo,Jake's Corner
Danny Trejo,Sons of Anarchy
Danny Trejo,Alone in the Dark 2
Danny Trejo,Ranchero
Danny Trejo,El Superstar: The Unlikely Rise of Juan Frances
Danny Trejo,The Wendy Williams Show
Danny Trejo,Railroad to Hell: A Chinaman's Chance
Danny Trejo,The Spectacular Spider-Man
Danny Trejo,Valley of Angels
Danny Trejo,Toxic
Danny Trejo,D.O.P.E. - Death Or Prison Eventually
Danny Trejo,Breaking Bad
Danny Trejo,The Art of Travel
Danny Trejo,Necessary Evil
Danny Trejo,Furnace
Danny Trejo,On Bloody Sunday
Danny Trejo,Smiley Face
Danny Trejo,The Blue Rose
Danny Trejo,Battle for Terra
Danny Trejo,Halloween
Danny Trejo,Burn Notice
Danny Trejo,Delta Farce
Danny Trejo,Grindhouse
Danny Trejo,Planet Terror
Danny Trejo,Blood Ties
Danny Trejo,El Tigre: The Adventures of Manny Rivera
Danny Trejo,"Tim and Eric Awesome Show, Great Job!"
Danny Trejo,Heckler
Danny Trejo,Urban Justice
Danny Trejo,Death Row
Danny Trejo,Sherrybaby
Danny Trejo,National Lampoon's TV: The Movie
Danny Trejo,Seven Mummies
Danny Trejo,Slayer
Danny Trejo,Snoop Dogg's Hood of Horror
Danny Trejo,High Hopes
Danny Trejo,Heist
Danny Trejo,Propensity
Danny Trejo,Tennis Anyone?
Danny Trejo,Living the Dream
Danny Trejo,Bones
Danny Trejo,The Devil's Rejects
Danny Trejo,Hell's Kitchen
Danny Trejo,The Crow: Wicked Prayer
Danny Trejo,Chasing Ghosts
Danny Trejo,The Curse of El Charro
Danny Trejo,Champion
Danny Trejo,The Making of 'Heat'
Danny Trejo,American Dad!
Danny Trejo,Unscripted
Danny Trejo,Venice Underground
Danny Trejo,"Wake Up, Ron Burgundy: The Lost Movie"
Danny Trejo,Lost
Danny Trejo,Desperate Housewives
Danny Trejo,Stargate Atlantis
Danny Trejo,Anchorman: The Legend of Ron Burgundy
Danny Trejo,Turned Out: Sexual Assault Behind Bars
Danny Trejo,Once Upon a Time in Mexico
Danny Trejo,Spy Kids 3-D: Game Over
Danny Trejo,The Big Empty
Danny Trejo,Kingpin
Danny Trejo,Beat the Devil
Danny Trejo,Nightstalker
Danny Trejo,13 Moons
Danny Trejo,xXx
Danny Trejo,Spy Kids 2: The Island of Lost Dreams
Danny Trejo,Monk
Danny Trejo,George Lopez
Danny Trejo,Do It for Uncle Manny
Danny Trejo,The Salton Sea
Danny Trejo,Alias
Danny Trejo,Bubble Boy
Danny Trejo,The Hire
Danny Trejo,Spy Kids
Danny Trejo,Grounded for Life
Danny Trejo,Skippy
Danny Trejo,The District
Danny Trejo,Animal Factory
Danny Trejo,The Bill Paid Off
Danny Trejo,Reindeer Games
Danny Trejo,From Dusk Till Dawn 3: The Hangman's Daughter
Danny Trejo,Inferno
Danny Trejo,From Dusk Till Dawn 2: Texas Blood Money
Danny Trejo,Family Guy
Danny Trejo,Soundman
Danny Trejo,The Crow: Stairway to Heaven
Danny Trejo,Six Days Seven Nights
Danny Trejo,Point Blank
Danny Trejo,The Replacement Killers
Danny Trejo,Champions
Danny Trejo,Trojan War
Danny Trejo,Brooklyn South
Danny Trejo,Con Air
Danny Trejo,Anaconda
Danny Trejo,King of the Hill
Danny Trejo,Los Locos
Danny Trejo,Dilemma
Danny Trejo,Jaguar
Danny Trejo,From Dusk Till Dawn
Danny Trejo,Heat
Danny Trejo,Desperado
Danny Trejo,Dead Badge
Danny Trejo,The Stranger
Danny Trejo,Victor One
Danny Trejo,Criminal Passion
Danny Trejo,Mi Vida Loca
Danny Trejo,Against the Wall
Danny Trejo,"Love, Cheat & Steal"
Danny Trejo,Sunset Grill
Danny Trejo,The X-Files
Danny Trejo,Last Light
Danny Trejo,12:01
Danny Trejo,"Walker, Texas Ranger"
Danny Trejo,Doppelganger
Danny Trejo,Bound by Honor
Danny Trejo,Renegade
Danny Trejo,Nails
Danny Trejo,Sex Crimes
Danny Trejo,The Last Hour
Danny Trejo,Carnal Crimes
Danny Trejo,Doublecrossed
Danny Trejo,Whore
Danny Trejo,Wedlock
Danny Trejo,Femme Fatale
Danny Trejo,Maniac Cop 2
Danny Trejo,Guns
Danny Trejo,Marked for Death
Danny Trejo,Bail Out
Danny Trejo,Cage
Danny Trejo,Lock Up
Danny Trejo,Baywatch
Danny Trejo,Kinjite: Forbidden Subjects
Danny Trejo,Bulletproof
Danny Trejo,The Hidden
Danny Trejo,Jake and the Fatman
Danny Trejo,Terminal Exposure
Danny Trejo,Penitentiary III
Danny Trejo,Death Wish 4: The Crackdown
Danny Trejo,Runaway Train
Dolph Lundgren,The Groom 2
Dolph Lundgren,Drago
Dolph Lundgren,Wanted Man
Dolph Lundgren,Without You I'm Nothing
Dolph Lundgren,Aquaman and the Lost Kingdom
Dolph Lundgren,The Expendables 4
Dolph Lundgren,Come Out Fighting
Dolph Lundgren,Operation Seawolf
Dolph Lundgren,Section 8
Dolph Lundgren,Minions: The Rise of Gru
Dolph Lundgren,The Making of Rocky vs. Drago by Sylvester Stallone
Dolph Lundgren,Castle Falls
Dolph Lundgren,Pups Alone
Dolph Lundgren,Seal Team
Dolph Lundgren,Carina Bergfeldt
Dolph Lundgren,The Art of Action
Dolph Lundgren,Hard Night Falling
Dolph Lundgren,One Night: Joshua vs. Ruiz
Dolph Lundgren,Acceleration
Dolph Lundgren,The Tracker
Dolph Lundgren,Aquaman
Dolph Lundgren,Creed II
Dolph Lundgren,Black Water
Dolph Lundgren,80’s Blockbusters: When Hollywood Played Tough
Dolph Lundgren,Stopping Traffic: The Movement to End Sex Trafficking
Dolph Lundgren,Power of Grayskull: The Definitive History of He-Man and the Masters of the Universe
Dolph Lundgren,Sharknado 5: Global Swarming
Dolph Lundgren,Dead Trigger
Dolph Lundgren,Tour de Pharmacy
Dolph Lundgren,Altitude
Dolph Lundgren,Female Fight Squad
Dolph Lundgren,Larceny
Dolph Lundgren,Welcome to Willits
Dolph Lundgren,Don't Kill It
Dolph Lundgren,Kindergarten Cop 2
Dolph Lundgren,"Hail, Caesar!"
Dolph Lundgren,Shark Lake
Dolph Lundgren,Riot
Dolph Lundgren,4Got10
Dolph Lundgren,War Pigs
Dolph Lundgren,7 Days in Hell
Dolph Lundgren,The Real Miyagi
Dolph Lundgren,The Making of The Expendables 3
Dolph Lundgren,Skin Trade
Dolph Lundgren,"Electric Boogaloo: The Wild, Untold Story of Cannon Films"
Dolph Lundgren,Puncture Wounds
Dolph Lundgren,The Expendables 3
Dolph Lundgren,Blood of Redemption
Dolph Lundgren,SAF3
Dolph Lundgren,Ambushed
Dolph Lundgren,Battle of the Damned
Dolph Lundgren,Legendary: Tomb of the Dragon
Dolph Lundgren,The Package
Dolph Lundgren,Gods of War: Assembling Earth's Mightiest Anti-Heroes
Dolph Lundgren,Arrow
Dolph Lundgren,Universal Soldier: Day of Reckoning
Dolph Lundgren,One in the Chamber
Dolph Lundgren,The Expendables 2
Dolph Lundgren,The Eric Andre Show
Dolph Lundgren,Stash House
Dolph Lundgren,Small Apartments
Dolph Lundgren,All Out of Bullets
Dolph Lundgren,The Rocky Saga: Going the Distance
Dolph Lundgren,In the Name of the King 2: Two Worlds
Dolph Lundgren,Klein gegen Groß - Das unglaubliche Duell
Dolph Lundgren,Top Gear
Dolph Lundgren,Inferno: The Making of 'The Expendables'
Dolph Lundgren,Hellenius hörna
Dolph Lundgren,The Expendables
Dolph Lundgren,Icarus
Dolph Lundgren,"Family Guy Presents: Something, Something, Something, Dark Side"
Dolph Lundgren,Universal Soldier: Regeneration
Dolph Lundgren,Direct Contact
Dolph Lundgren,Skavlan
Dolph Lundgren,Command Performance
Dolph Lundgren,Missionary Man
Dolph Lundgren,Chuck
Dolph Lundgren,L'inchiesta - Anno Domini XXXIII
Dolph Lundgren,The Final Inquiry
Dolph Lundgren,Diamond Dogs
Dolph Lundgren,The Opponents
Dolph Lundgren,Robins
Dolph Lundgren,I Love the '70s: Volume 2
Dolph Lundgren,The Mechanik
Dolph Lundgren,It's Always Sunny in Philadelphia
Dolph Lundgren,Oyama Karate Kyokushinkai
Dolph Lundgren,The Defender
Dolph Lundgren,Retrograde
Dolph Lundgren,Universal Soldier: A Tale of Two Titans
Dolph Lundgren,"Guns, Genes & Fighting Machines: The Making of 'Universal Soldier'"
Dolph Lundgren,Fat Slags
Dolph Lundgren,Direct Action
Dolph Lundgren,Detention
Dolph Lundgren,Through the Night with...
Dolph Lundgren,Hidden Agenda
Dolph Lundgren,Agent Red
Dolph Lundgren,The Last Patrol
Dolph Lundgren,Jill Rips
Dolph Lundgren,Storm Catcher
Dolph Lundgren,Family Guy
Dolph Lundgren,Bridge of Dragons
Dolph Lundgren,Sweepers
Dolph Lundgren,The Minion
Dolph Lundgren,So Graham Norton
Dolph Lundgren,Blackjack
Dolph Lundgren,The Peacekeeper
Dolph Lundgren,Silent Trigger
Dolph Lundgren,The Shooter
Dolph Lundgren,Johnny Mnemonic
Dolph Lundgren,Men of War
Dolph Lundgren,Pentathlon
Dolph Lundgren,Sunny Side Up
Dolph Lundgren,Joshua Tree
Dolph Lundgren,GMTV
Dolph Lundgren,Universal Soldier
Dolph Lundgren,Showdown in Little Tokyo
Dolph Lundgren,Cover-Up
Dolph Lundgren,Dark Angel
Dolph Lundgren,The Punisher
Dolph Lundgren,Red Scorpion
Dolph Lundgren,Dolph Lundgren: Maximum Potential
Dolph Lundgren,Masters of the Universe
Dolph Lundgren,The Making of Captain EO
Dolph Lundgren,Rocky IV
Dolph Lundgren,A View to a Kill
Dolph Lundgren,Na sowas!
Dolph Lundgren,Wanna Bet?
Dolph Lundgren,Das aktuelle Sportstudio
Dolph Lundgren,Melodifestivalen
Meilee Condron,Minions: The Rise of Gru
Meilee Condron,Puppy Place
Meilee Condron,The American Boys
Meilee Condron,Over the Moon
Meilee Condron,Killer Grandma
Meilee Condron,The Grinch
Meilee Condron,Fly Right
Meilee Condron,These Things Take Time
Meilee Condron,No Returns
Meilee Condron,Duck Duck Goose
Meilee Condron,Clouds
Meilee Condron,Room 104
Meilee Condron,Hasu
Meilee Condron,Sesame Street
Antonio Raul Corbo,Minions: The Rise of Gru
Antonio Raul Corbo,The SpongeBob Movie: Sponge on the Run
Antonio Raul Corbo,Broke
Antonio Raul Corbo,Frozen II
Antonio Raul Corbo,Pilgrim
Antonio Raul Corbo,Infinity Train
Antonio Raul Corbo,The Secret Life of Pets 2
Antonio Raul Corbo,Mary Poppins Returns
Antonio Raul Corbo,City of Lies
Antonio Raul Corbo,Summer Camp Island
Antonio Raul Corbo,Alone Together
Antonio Raul Corbo,Great News
Antonio Raul Corbo,We Bare Bears
Antonio Raul Corbo,Brooklyn Nine-Nine
Antonio Raul Corbo,New Girl
Debi Derryberry,Nicktoons
Debi Derryberry,Bugs Bunny Builders
Debi Derryberry,Minions: The Rise of Gru
Debi Derryberry,The Christmas Chronicles: Part Two
Debi Derryberry,The Mighty Ones
Debi Derryberry,Spycies
Debi Derryberry,Bongee Bear and the Kingdom of Rhythm
Debi Derryberry,Victor and Valentino
Debi Derryberry,Tigtone
Debi Derryberry,The Christmas Chronicles
Debi Derryberry,Enchantimals: Tales From Everwilde
Debi Derryberry,Subway Surfers: The Animated Series
Debi Derryberry,Trolls Holiday
Debi Derryberry,The Son of Bigfoot
Debi Derryberry,The Emoji Movie
Debi Derryberry,Animal Crackers
Debi Derryberry,Alpha & Omega: Journey to Bear Kingdom
Debi Derryberry,Monster High: Electrified
Debi Derryberry,Smurfs: The Lost Village
Debi Derryberry,Buddy Thunderstruck
Debi Derryberry,Monster High: Welcome to Monster High
Debi Derryberry,Alpha and Omega: Dino Digs
Debi Derryberry,Monster High: Great Scarrier Reef
Debi Derryberry,Norm of the North
Debi Derryberry,F is for Family
Debi Derryberry,"Monster High: Boo York, Boo York"
Debi Derryberry,Alpha and Omega: The Legend of the Saw Tooth Cave
Debi Derryberry,Legends of Oz: Dorothy's Return
Debi Derryberry,"Monster High: Frights, Camera, Action!"
Debi Derryberry,I Know That Voice
Debi Derryberry,Monster High: 13 Wishes
Debi Derryberry,Despicable Me 2
Debi Derryberry,Monster High: Scaris City of Frights
Debi Derryberry,Wreck-It Ralph
Debi Derryberry,Monster High: Ghouls Rule
Debi Derryberry,Monster High: Friday Night Frights
Debi Derryberry,The Lorax
Debi Derryberry,Monster High: Escape from Skull Shores
Debi Derryberry,Monster High: Why Do Ghouls Fall in Love?
Debi Derryberry,Monster High: Fright On!
Debi Derryberry,Monster High: New Ghoul at School
Debi Derryberry,The Legend of Secret Pass
Debi Derryberry,Planet Sheen
Debi Derryberry,Monster High
Debi Derryberry,Curious George: A Very Monkey Christmas
Debi Derryberry,Random! Cartoons
Debi Derryberry,Horton Hears a Who!
Debi Derryberry,iCarly
Debi Derryberry,Happily N'Ever After
Debi Derryberry,Nick Picks Christmas: Nickelodeon Festive Tales
